LoanID,CustomerID,BranchID,ProductID,DisbursementDate,LoanAmount,InterestRate,TermMonths,LoanStatus,OutstandingBalance
LN10001,C1401,B008,P04,10/29/2025,4238.1,20.73,60,Active,3179
LN10002,C1066,B001,P06,3/8/2025,23617.19,19.08,36,Paid Off,0
LN10003,C1119,B001,P03,9/10/2025,38391.27,14.77,60,Active,24954
LN10004,C1095,B006,P05,2/17/2025,64366.98,21.47,180,Closed,0
LN10005,C1153,B008,P01,8/16/2024,43701.4,10.04,180,Closed,0
LN10006,C1310,B009,P03,4/26/2026,8261.44,12.37,120,Closed,0
LN10007,C1108,B010,P01,6/30/2025,5269.65,9.93,48,Active,2161
LN10008,C1243,B002,P01,2/19/2026,92737.19,7.85,84,Active,43586
LN10009,C1004,B002,P04,10/30/2025,87276.31,13.22,180,Closed,0
LN10010,C1371,B006,P06,5/1/2026,45656.19,20.85,72,Closed,0
LN10011,C1310,B001,P04,11/26/2024,82594.08,19.8,180,Active,49556
LN10012,C1403,B002,P05,6/30/2025,32252.0,20.69,240,Active,24834
LN10013,C1249,B006,P01,1/10/2024,54219.72,13.51,60,Active,40123
LN10014,C1344,B005,P05,11/16/2025,56781.87,9.1,180,Paid Off,0
LN10015,C1128,B007,P06,12/1/2024,81843.06,12.99,36,Closed,0
LN10016,C1344,B009,P05,1/8/2025,37544.73,8.47,360,Active,14267
LN10017,C1346,B001,P01,1/5/2024,18211.98,16.24,180,Active,8195
LN10018,C1432,B009,P04,1/4/2026,28148.99,19.77,360,Closed,0
LN10019,C1094,B006,P01,2/20/2024,2878.45,4.25,180,Active,1957
LN10020,C1169,B001,P03,6/1/2024,32691.48,11.57,120,Closed,0
LN10021,C1060,B007,P05,11/22/2025,48152.54,18.01,360,Closed,0
LN10022,C1091,B009,P01,6/29/2024,37971.77,20.25,72,Active,29998
LN10023,C1408,B004,P01,5/3/2025,98665.99,12.48,60,Active,80906
LN10024,C1286,B008,P05,6/27/2024,92047.61,18.35,36,Active,71797
LN10025,C1393,B002,P02,1/27/2025,28214.48,12.45,180,Active,22572
LN10026,C1128,B006,P04,12/21/2024,44973.59,10.37,360,Paid Off,0
LN10027,C1031,B007,P02,8/20/2024,48155.04,8.57,84,Active,44303
LN10028,C1440,B004,P02,4/1/2026,37465.29,7.34,60,Active,26226
LN10029,C1040,B006,P01,1/22/2025,58843.12,12.11,360,Closed,0
LN10030,C1172,B008,P01,8/9/2025,24535.36,5.34,180,Active,10059
LN10031,C1215,B006,P05,2/5/2024,58904.26,7.62,72,Closed,0
LN10032,C1230,B005,P06,9/18/2025,55877.7,10.94,12,Active,29615
LN10033,C1418,B009,P05,10/9/2025,22717.81,19.14,72,Closed,0
LN10034,C1147,B009,P06,3/29/2026,29790.01,18.71,120,Active,12512
LN10035,C1499,B002,P04,12/2/2025,72817.89,21.99,120,Active,46603
LN10036,C1152,B008,P01,7/9/2025,36278.08,21.16,84,Active,13786
LN10037,C1249,B006,P04,2/18/2024,91088.94,16.64,12,Active,74693
LN10038,C1084,B001,P03,4/4/2026,85479.28,4.82,180,Active,76077
LN10039,C1446,B009,P02,7/11/2025,39889.03,19.61,84,Paid Off,0
LN10040,C1300,B005,P04,7/16/2024,22105.43,7.27,36,Active,16358
LN10041,C1066,B008,P06,7/3/2025,35991.08,9.82,48,Closed,0
LN10042,C1128,B006,P01,4/5/2024,13007.45,5.53,72,Active,7284
LN10043,C1232,B006,P03,4/21/2026,17796.54,9.3,120,Paid Off,0
LN10044,C1283,B008,P02,1/30/2025,72373.41,10.03,48,Active,31121
LN10045,C1153,B010,P02,2/13/2024,94020.08,19.77,72,Paid Off,0
LN10046,C1185,B005,P03,3/1/2024,34694.15,16.12,24,Active,29837
LN10047,C1171,B007,P02,4/3/2026,79991.55,14.74,60,Active,40796
LN10048,C1321,B002,P03,6/10/2025,70656.72,11.43,12,Active,36741
LN10049,C1152,B008,P02,6/12/2024,91961.68,5.28,36,Active,34026
LN10050,C1203,B010,P03,2/4/2025,13355.77,5.41,60,Paid Off,0
LN10051,C1432,B008,P01,6/2/2024,26472.27,6.83,36,Active,20119
LN10052,C1047,B003,P05,2/29/2024,27534.16,15.36,240,Active,12115
LN10053,C1148,B002,P03,7/13/2025,81071.1,5.81,240,Active,71343
LN10054,C1172,B003,P04,9/14/2025,81096.42,4.23,84,Closed,0
LN10055,C1326,B004,P02,4/11/2025,2322.38,15.92,72,Active,859
LN10056,C1080,B005,P05,9/18/2024,98832.44,4.25,360,Active,63253
LN10057,C1130,B010,P02,9/5/2024,61929.28,7.19,36,Active,50782
LN10058,C1133,B008,P03,7/20/2024,59969.97,4.82,180,Closed,0
LN10059,C1298,B007,P04,1/24/2025,36284.76,11.53,360,Active,26851
LN10060,C1358,B002,P02,9/21/2025,26084.5,12.8,60,Active,10173
LN10061,C1305,B009,P06,1/19/2026,55247.22,21.13,48,Paid Off,0
LN10062,C1124,B006,P06,4/3/2025,84459.04,15.51,360,Active,34628
LN10063,C1343,B006,P02,7/14/2025,26938.3,16.44,48,Closed,0
LN10064,C1068,B005,P01,2/4/2026,87202.35,20.76,240,Active,72378
LN10065,C1364,B004,P02,5/29/2025,62733.66,4.18,48,Paid Off,0
LN10066,C1252,B003,P06,4/1/2026,51948.65,4.47,360,Active,27533
LN10067,C1241,B007,P06,5/24/2026,21246.12,8.4,84,Active,8711
LN10068,C1349,B009,P04,3/25/2024,18136.26,12.78,48,Active,15234
LN10069,C1203,B005,P04,11/18/2024,79143.99,10.76,360,Closed,0
LN10070,C1081,B008,P04,9/26/2025,52903.87,17.28,120,Active,29626
LN10071,C1221,B005,P02,9/5/2025,50907.44,13.08,180,Closed,0
LN10072,C1344,B006,P05,3/2/2024,20702.85,9.12,360,Active,18219
LN10073,C1460,B001,P01,7/24/2025,39648.81,17.97,36,Active,16653
LN10074,C1033,B005,P01,8/31/2025,48872.77,12.17,120,Closed,0
LN10075,C1103,B004,P06,3/22/2026,16373.1,18.27,12,Active,10315
LN10076,C1122,B004,P04,5/22/2026,94186.95,5.36,12,Active,79117
LN10077,C1015,B007,P04,4/5/2024,95402.1,11.55,72,Closed,0
LN10078,C1390,B004,P03,2/12/2025,91181.71,21.63,360,Closed,0
LN10079,C1479,B009,P06,3/20/2026,20818.88,8.59,60,Active,15406
LN10080,C1007,B004,P02,8/13/2025,79885.78,12.97,48,Active,55121
LN10081,C1310,B005,P06,5/11/2025,90494.58,4.26,180,Closed,0
LN10082,C1170,B005,P04,4/13/2026,53966.16,19.65,24,Active,36157
LN10083,C1182,B007,P05,1/21/2024,1656.38,11.49,180,Active,729
LN10084,C1442,B002,P02,4/26/2024,99619.21,14.51,84,Active,56783
LN10085,C1317,B001,P02,5/9/2026,58679.72,17.9,360,Active,51638
LN10086,C1472,B005,P05,4/18/2025,30162.11,13.56,72,Active,10557
LN10087,C1171,B010,P05,5/27/2025,77175.82,7.69,36,Active,60197
LN10088,C1471,B007,P01,8/11/2024,35051.26,14.8,60,Paid Off,0
LN10089,C1138,B002,P05,8/5/2025,1513.0,18.5,12,Closed,0
LN10090,C1066,B002,P05,9/21/2025,24710.3,7.02,36,Closed,0
LN10091,C1335,B003,P06,3/14/2024,61356.35,9.22,180,Active,25770
LN10092,C1031,B009,P01,3/24/2024,72823.94,19.98,84,Closed,0
LN10093,C1045,B007,P04,11/27/2024,58715.43,12.59,84,Active,50495
LN10094,C1426,B010,P05,3/30/2026,95579.48,10.75,12,Active,64994
LN10095,C1334,B007,P03,9/28/2024,97072.03,17.69,48,Closed,0
LN10096,C1466,B004,P06,10/30/2024,8734.9,6.1,84,Active,4804
LN10097,C1245,B001,P01,5/7/2026,81121.04,8.62,24,Active,48673
LN10098,C1368,B004,P05,1/21/2025,75150.71,12.62,120,Paid Off,0
LN10099,C1441,B010,P01,4/17/2024,90036.75,15.82,180,Active,58524
LN10100,C1387,B002,P04,9/13/2025,89410.97,4.29,12,Active,73317
LN10101,C1020,B010,P01,10/20/2025,19707.22,20.98,180,Closed,0
LN10102,C1329,B005,P01,4/27/2025,2807.25,8.16,60,Active,2021
LN10103,C1239,B001,P03,3/18/2026,6048.16,7.34,180,Active,4959
LN10104,C1143,B007,P02,6/3/2024,18018.5,18.47,84,Closed,0
LN10105,C1259,B009,P02,1/26/2025,44431.58,6.34,48,Closed,0
LN10106,C1134,B007,P02,8/10/2024,19637.75,7.01,240,Paid Off,0
LN10107,C1358,B009,P05,8/9/2025,21935.22,20.69,36,Closed,0
LN10108,C1279,B005,P02,1/8/2025,56288.75,16.01,60,Active,41654
LN10109,C1088,B010,P03,3/18/2024,17378.43,7.64,180,Active,10948
LN10110,C1094,B010,P06,7/13/2025,33537.51,7.84,360,Active,30184
LN10111,C1367,B010,P02,12/4/2025,98717.79,11.95,36,Active,65154
LN10112,C1371,B005,P04,11/26/2024,13614.37,20.96,84,Active,7488
LN10113,C1148,B010,P03,9/15/2024,63219.72,18.53,24,Active,26552
LN10114,C1118,B010,P01,4/25/2024,21079.74,12.72,72,Active,18550
LN10115,C1291,B009,P02,10/17/2025,69864.71,9.62,180,Active,31439
LN10116,C1424,B005,P04,6/14/2026,43830.33,5.32,180,Active,38132
LN10117,C1464,B010,P05,6/22/2024,5778.99,11.17,60,Paid Off,0
LN10118,C1497,B007,P03,4/4/2024,21445.1,10.82,180,Closed,0
LN10119,C1356,B003,P06,2/9/2026,53441.93,10.58,48,Active,29927
LN10120,C1085,B009,P02,10/11/2025,1214.28,6.32,120,Closed,0
LN10121,C1230,B008,P02,10/23/2024,15394.26,11.67,84,Active,5388
LN10122,C1381,B005,P03,7/19/2025,18560.07,7.32,360,Active,7610
LN10123,C1081,B006,P03,4/4/2026,81934.64,12.7,12,Closed,0
LN10124,C1314,B009,P03,3/19/2026,83536.67,20.16,84,Closed,0
LN10125,C1040,B008,P04,11/24/2024,58095.11,5.68,84,Active,32533
LN10126,C1147,B002,P05,4/11/2024,91220.25,21.5,72,Closed,0
LN10127,C1038,B007,P03,7/26/2025,41524.87,16.34,12,Closed,0
LN10128,C1004,B007,P05,9/10/2025,89016.68,8.18,24,Active,51630
LN10129,C1406,B004,P02,1/11/2024,21312.06,19.57,12,Active,11509
LN10130,C1278,B007,P01,4/28/2026,56919.32,4.46,36,Active,40982
LN10131,C1173,B002,P05,8/14/2024,98006.1,6.13,48,Active,70564
LN10132,C1015,B002,P05,6/28/2024,75920.33,20.54,120,Active,56181
LN10133,C1471,B006,P01,7/4/2024,7343.21,17.89,48,Closed,0
LN10134,C1495,B005,P01,7/26/2025,6233.97,12.46,24,Active,4738
LN10135,C1402,B009,P04,4/19/2025,9861.57,12.92,36,Active,9368
LN10136,C1098,B003,P04,3/7/2024,2719.7,10.97,60,Active,1659
LN10137,C1102,B002,P06,12/29/2025,91872.75,11.2,180,Active,80848
LN10138,C1405,B008,P03,7/23/2024,16325.58,21.47,72,Active,11428
LN10139,C1349,B008,P02,12/12/2025,72213.59,12.47,360,Active,51994
LN10140,C1403,B010,P02,1/1/2024,47755.28,7.12,12,Paid Off,0
LN10141,C1028,B009,P05,6/18/2024,49154.09,11.7,180,Active,25069
LN10142,C1227,B008,P06,7/15/2024,77646.22,5.33,48,Active,38047
LN10143,C1229,B009,P02,12/30/2024,51717.19,16.9,48,Active,30513
LN10144,C1358,B009,P03,3/21/2026,62545.33,6.07,48,Active,59418
LN10145,C1377,B003,P05,1/2/2025,91419.06,15.18,72,Active,47538
LN10146,C1218,B010,P01,1/31/2026,96498.14,19.48,48,Active,34739
LN10147,C1437,B010,P05,5/9/2026,31148.16,12.45,180,Paid Off,0
LN10148,C1141,B002,P01,10/29/2024,84132.82,21.87,120,Active,71513
LN10149,C1409,B007,P04,10/23/2024,31058.45,8.21,48,Paid Off,0
LN10150,C1013,B010,P02,6/21/2025,76269.89,13.44,240,Active,61016
LN10151,C1327,B008,P06,5/14/2024,5559.44,13.1,360,Active,4225
LN10152,C1258,B006,P03,3/16/2026,66134.59,12.6,72,Active,31083
LN10153,C1378,B007,P05,1/28/2025,96358.4,14.15,240,Active,67451
LN10154,C1307,B003,P05,8/6/2024,31349.93,7.77,360,Active,27901
LN10155,C1044,B005,P03,5/14/2025,91767.85,14.43,60,Active,62402
LN10156,C1290,B010,P01,5/15/2026,70879.29,11.44,72,Paid Off,0
LN10157,C1460,B010,P03,6/26/2024,91984.0,5.88,84,Closed,0
LN10158,C1185,B005,P06,3/18/2026,69311.42,9.02,120,Closed,0
LN10159,C1470,B002,P06,5/27/2026,80932.62,16.0,12,Active,51797
LN10160,C1323,B004,P02,2/22/2024,43898.62,13.32,24,Active,41704
LN10161,C1337,B008,P04,5/4/2024,99067.24,15.89,180,Active,37646
LN10162,C1269,B002,P02,12/13/2025,34976.1,7.82,36,Active,23084
LN10163,C1436,B003,P03,1/19/2025,74361.83,4.8,84,Paid Off,0
LN10164,C1365,B008,P01,6/8/2024,53070.65,16.28,84,Closed,0
LN10165,C1003,B006,P05,3/9/2026,74889.55,20.96,360,Active,35198
LN10166,C1024,B003,P02,11/7/2024,61298.29,13.42,36,Active,44135
LN10167,C1131,B008,P02,12/18/2025,9133.86,7.77,360,Active,6028
LN10168,C1179,B004,P06,8/7/2025,67169.05,7.49,24,Active,63139
LN10169,C1134,B008,P06,3/16/2026,49691.6,4.99,120,Active,41741
LN10170,C1381,B005,P05,12/2/2025,6240.34,10.38,24,Active,4431
LN10171,C1312,B003,P02,9/16/2024,61009.17,5.54,84,Closed,0
LN10172,C1198,B010,P06,4/6/2025,91907.86,12.3,48,Closed,0
LN10173,C1343,B009,P06,10/8/2025,32340.16,13.32,36,Active,14876
LN10174,C1167,B010,P03,12/16/2025,79287.1,9.05,120,Active,30922
LN10175,C1062,B008,P04,9/2/2024,72372.91,16.35,60,Paid Off,0
LN10176,C1201,B007,P03,11/3/2024,72567.76,21.49,60,Closed,0
LN10177,C1160,B002,P03,2/3/2026,67671.7,19.2,12,Closed,0
LN10178,C1019,B002,P05,3/3/2026,75592.75,19.57,36,Closed,0
LN10179,C1407,B010,P06,6/19/2024,29408.28,11.4,12,Active,25291
LN10180,C1451,B001,P03,3/4/2024,15822.76,13.4,84,Active,8544
LN10181,C1283,B008,P03,6/7/2026,46269.99,10.86,36,Active,30075
LN10182,C1228,B002,P03,1/17/2026,97441.26,17.57,120,Closed,0
LN10183,C1404,B009,P03,5/24/2026,25593.01,13.17,60,Active,11005
LN10184,C1425,B008,P04,7/28/2024,74761.53,16.83,84,Active,26167
LN10185,C1293,B001,P01,3/18/2024,79006.64,8.82,36,Active,38713
LN10186,C1388,B006,P02,1/27/2026,70574.07,9.43,72,Active,35287
LN10187,C1092,B004,P02,1/10/2025,62549.74,7.77,60,Active,58171
LN10188,C1062,B004,P03,2/11/2025,57123.31,21.42,120,Active,52553
LN10189,C1052,B002,P01,4/22/2024,98361.46,12.24,36,Closed,0
LN10190,C1014,B002,P02,6/20/2024,2276.06,11.3,12,Active,1161
LN10191,C1034,B005,P05,5/23/2026,12862.76,18.08,120,Closed,0
LN10192,C1294,B009,P03,2/2/2025,13884.47,13.93,180,Active,6803
LN10193,C1361,B006,P02,10/10/2024,21953.06,8.69,60,Paid Off,0
LN10194,C1063,B002,P04,2/17/2024,19462.95,11.36,36,Closed,0
LN10195,C1257,B002,P01,12/17/2025,3988.65,14.92,24,Active,3590
LN10196,C1477,B004,P02,4/1/2025,59180.5,20.78,48,Active,34325
LN10197,C1231,B002,P01,3/3/2026,45193.82,7.01,24,Closed,0
LN10198,C1136,B006,P02,1/29/2026,84967.42,16.91,72,Active,47582
LN10199,C1156,B001,P01,11/16/2025,11970.56,19.7,84,Active,7661
LN10200,C1048,B009,P06,5/13/2024,84341.06,11.54,360,Active,74220
LN10201,C1460,B003,P02,6/8/2025,77898.68,5.89,360,Paid Off,0
LN10202,C1144,B008,P05,1/12/2024,10932.93,7.32,360,Active,7216
LN10203,C1241,B006,P02,5/26/2024,86387.38,21.74,24,Closed,0
LN10204,C1288,B007,P06,12/18/2025,1310.57,19.38,84,Active,695
LN10205,C1301,B005,P03,8/31/2024,21414.29,6.74,180,Active,20344
LN10206,C1098,B001,P05,7/4/2025,54273.17,16.88,120,Active,45047
LN10207,C1456,B004,P04,10/19/2024,40258.31,5.53,36,Active,18921
LN10208,C1192,B006,P04,3/28/2024,94196.53,10.19,360,Active,76299
LN10209,C1005,B001,P02,4/18/2024,32402.75,21.45,12,Closed,0
LN10210,C1066,B001,P04,1/31/2025,51230.75,7.92,12,Active,31251
LN10211,C1341,B002,P04,12/1/2025,44447.11,12.72,48,Closed,0
LN10212,C1358,B007,P03,12/14/2024,77594.0,9.49,24,Paid Off,0
LN10213,C1182,B010,P05,10/5/2024,18548.1,9.41,72,Active,15951
LN10214,C1192,B005,P06,9/11/2024,50865.1,6.3,24,Active,34588
LN10215,C1132,B006,P05,3/16/2025,90550.07,17.4,360,Active,84212
LN10216,C1323,B008,P03,10/7/2024,40985.53,4.66,48,Active,34428
LN10217,C1120,B002,P05,5/1/2026,37233.15,20.79,240,Active,15638
LN10218,C1438,B003,P02,7/26/2025,35134.46,21.27,72,Active,12648
LN10219,C1376,B009,P01,5/6/2024,11463.47,4.43,84,Active,6649
LN10220,C1005,B008,P06,8/7/2025,33120.5,17.42,36,Active,20866
LN10221,C1102,B002,P01,4/27/2024,62788.91,17.44,48,Active,55882
LN10222,C1458,B008,P04,7/31/2024,81081.59,4.26,24,Closed,0
LN10223,C1358,B002,P05,2/21/2025,93446.05,16.45,360,Closed,0
LN10224,C1245,B006,P03,4/2/2025,71615.95,17.34,84,Active,52996
LN10225,C1051,B002,P02,10/26/2025,91754.64,10.97,72,Active,61476
LN10226,C1133,B010,P05,7/9/2025,22779.48,16.73,36,Closed,0
LN10227,C1486,B002,P01,6/10/2026,78159.45,20.06,12,Active,64872
LN10228,C1037,B006,P01,8/22/2025,61968.13,8.91,180,Active,24787
LN10229,C1411,B001,P03,2/12/2024,13978.32,13.07,36,Active,12021
LN10230,C1385,B003,P06,6/9/2026,76839.75,17.21,240,Closed,0
LN10231,C1291,B001,P03,12/24/2024,82892.39,7.32,72,Active,43933
LN10232,C1064,B001,P01,1/11/2024,11898.66,9.35,24,Closed,0
LN10233,C1101,B007,P03,5/2/2026,86104.18,15.53,120,Closed,0
LN10234,C1001,B006,P04,11/12/2025,53442.25,17.25,24,Active,39013
LN10235,C1224,B009,P03,4/15/2026,57339.75,20.35,60,Active,25229
LN10236,C1234,B007,P06,9/1/2024,56665.22,4.71,12,Active,38532
LN10237,C1478,B008,P02,4/26/2025,26849.52,10.47,120,Active,21211
LN10238,C1137,B006,P05,11/17/2025,84465.46,10.74,72,Active,66728
LN10239,C1120,B006,P06,4/4/2024,25795.66,11.96,120,Active,12640
LN10240,C1416,B001,P06,1/20/2026,67952.39,17.26,72,Active,44849
LN10241,C1469,B010,P01,6/27/2024,74462.57,15.07,180,Active,36487
LN10242,C1243,B006,P03,9/23/2025,65152.29,9.6,60,Active,47561
LN10243,C1486,B004,P01,6/17/2025,42283.99,12.05,120,Closed,0
LN10244,C1470,B008,P02,1/28/2026,23087.46,19.49,240,Active,19624
LN10245,C1228,B008,P02,5/14/2024,53089.57,7.0,24,Active,39286
LN10246,C1478,B005,P04,12/29/2024,61551.58,8.38,24,Active,25852
LN10247,C1026,B010,P06,12/24/2025,24559.09,7.72,180,Paid Off,0
LN10248,C1472,B001,P05,6/9/2026,2642.6,8.75,48,Active,1982
LN10249,C1005,B005,P01,1/28/2024,67185.58,9.6,180,Active,49045
LN10250,C1271,B005,P01,1/24/2025,99163.08,15.6,72,Closed,0
LN10251,C1088,B010,P02,7/25/2024,82031.22,20.7,120,Paid Off,0
LN10252,C1253,B010,P03,11/2/2025,87844.01,12.51,48,Active,69397
LN10253,C1414,B003,P06,11/30/2025,96752.42,13.67,72,Active,69662
LN10254,C1311,B001,P06,3/1/2026,59640.39,10.92,60,Paid Off,0
LN10255,C1186,B007,P04,3/12/2026,11450.26,15.14,240,Active,7786
LN10256,C1360,B002,P05,10/10/2024,87532.66,10.53,72,Active,60398
LN10257,C1186,B002,P02,11/20/2024,39394.54,7.87,240,Closed,0
LN10258,C1132,B001,P05,12/31/2024,90217.46,12.15,180,Active,80294
LN10259,C1381,B008,P03,5/16/2026,65853.94,20.81,36,Active,38195
LN10260,C1301,B002,P02,2/13/2024,2275.49,15.97,60,Active,887
LN10261,C1102,B008,P04,3/22/2025,54005.32,16.25,48,Closed,0
LN10262,C1130,B001,P05,8/29/2025,22977.43,17.08,180,Closed,0
LN10263,C1160,B006,P05,2/8/2024,16440.38,16.02,36,Active,14468
LN10264,C1072,B009,P03,7/9/2025,96437.79,11.87,12,Active,64613
LN10265,C1053,B007,P04,3/3/2024,64986.55,18.07,48,Active,29894
LN10266,C1171,B002,P04,1/16/2026,7792.19,19.82,72,Active,5455
LN10267,C1112,B001,P04,6/13/2024,81746.93,19.86,48,Active,55588
LN10268,C1080,B008,P03,5/19/2025,57527.08,8.94,84,Paid Off,0
LN10269,C1173,B006,P02,5/5/2025,71249.6,14.78,12,Active,66975
LN10270,C1243,B003,P03,10/1/2024,27600.11,10.86,36,Active,21252
LN10271,C1375,B007,P04,5/17/2025,47233.47,17.85,48,Closed,0
LN10272,C1220,B006,P01,3/27/2025,47791.55,17.3,72,Active,18161
LN10273,C1128,B008,P03,6/22/2024,30623.36,8.05,72,Active,23580
LN10274,C1306,B009,P04,11/4/2025,95340.59,7.27,12,Active,60065
LN10275,C1195,B008,P01,1/17/2026,54705.0,6.19,60,Active,41029
LN10276,C1292,B006,P02,9/26/2025,62454.11,13.69,48,Active,36223
LN10277,C1246,B001,P02,8/8/2025,65475.02,18.09,24,Active,37976
LN10278,C1414,B009,P03,12/28/2025,37704.46,9.35,360,Paid Off,0
LN10279,C1185,B005,P02,3/16/2025,54695.66,16.02,72,Active,35005
LN10280,C1001,B006,P04,2/14/2025,40031.28,16.42,240,Active,28422
LN10281,C1449,B008,P05,3/23/2025,3181.79,20.56,24,Active,1623
LN10282,C1476,B004,P03,1/27/2026,18925.7,13.41,48,Active,10598
LN10283,C1103,B005,P01,11/27/2025,43809.65,8.77,84,Closed,0
LN10284,C1199,B010,P01,1/5/2026,9123.87,17.58,72,Active,6843
LN10285,C1293,B004,P05,10/22/2024,17699.87,18.76,36,Closed,0
LN10286,C1263,B008,P03,1/7/2026,65923.56,17.23,60,Active,47465
LN10287,C1171,B006,P04,9/4/2024,8183.76,8.46,240,Closed,0
LN10288,C1324,B001,P01,11/23/2024,16707.23,9.09,24,Active,7017
LN10289,C1136,B002,P02,9/20/2025,65750.59,20.66,120,Paid Off,0
LN10290,C1067,B009,P06,11/16/2025,20724.95,18.99,72,Paid Off,0
LN10291,C1244,B001,P05,2/24/2024,40282.0,14.6,84,Active,20544
LN10292,C1023,B002,P05,6/4/2025,51413.21,16.54,360,Active,38560
LN10293,C1036,B009,P03,12/22/2025,78824.13,17.03,360,Active,48083
LN10294,C1409,B009,P05,3/14/2026,82975.96,12.15,24,Closed,0
LN10295,C1169,B009,P03,5/19/2025,96431.69,14.47,36,Active,81967
LN10296,C1169,B001,P04,2/9/2025,51882.94,7.36,84,Closed,0
LN10297,C1039,B006,P01,2/26/2024,29024.43,4.95,60,Active,26702
LN10298,C1067,B003,P03,8/31/2025,70937.64,19.59,60,Active,51075
LN10299,C1215,B008,P03,7/16/2024,99550.79,6.39,180,Active,83623
LN10300,C1324,B003,P03,12/31/2025,59859.17,6.67,48,Closed,0
LN10301,C1458,B006,P01,4/2/2024,47096.67,5.48,84,Active,40503
LN10302,C1328,B005,P01,2/7/2025,17477.02,15.29,360,Active,11011
LN10303,C1300,B010,P05,11/16/2024,90229.43,11.23,72,Closed,0
LN10304,C1032,B008,P01,10/20/2024,21789.89,15.49,240,Closed,0
LN10305,C1029,B002,P06,3/8/2025,78788.16,12.86,180,Active,60667
LN10306,C1324,B001,P02,8/8/2024,11326.51,9.48,48,Paid Off,0
LN10307,C1208,B004,P05,8/11/2025,5644.56,18.55,60,Active,4008
LN10308,C1419,B002,P02,3/10/2026,40353.67,20.32,24,Paid Off,0
LN10309,C1029,B005,P03,9/4/2025,22917.07,19.63,60,Active,13521
LN10310,C1345,B003,P06,1/22/2024,18385.81,21.67,72,Active,11215
LN10311,C1193,B006,P01,3/20/2024,29162.03,4.8,60,Closed,0
LN10312,C1273,B009,P01,9/25/2024,92040.52,17.53,84,Closed,0
LN10313,C1063,B009,P06,11/3/2025,72560.31,4.97,120,Closed,0
LN10314,C1027,B003,P04,9/1/2024,5676.61,7.89,72,Active,4144
LN10315,C1044,B007,P03,10/26/2024,67159.83,13.05,120,Active,63130
LN10316,C1183,B010,P04,3/12/2025,21435.99,16.58,240,Paid Off,0
LN10317,C1436,B002,P03,10/30/2025,76141.94,19.86,72,Active,54822
LN10318,C1492,B010,P04,6/5/2025,60641.8,8.52,180,Active,56397
LN10319,C1214,B008,P03,4/15/2025,41681.2,16.59,72,Paid Off,0
LN10320,C1104,B006,P04,5/13/2026,76694.03,11.09,36,Active,33745
LN10321,C1347,B009,P05,7/12/2024,54102.16,11.2,36,Active,49233
LN10322,C1118,B001,P03,8/3/2024,76537.22,13.68,360,Active,67353
LN10323,C1046,B006,P02,4/14/2024,69339.55,18.96,72,Active,56858
LN10324,C1306,B005,P01,11/27/2024,26189.67,5.95,84,Closed,0
LN10325,C1465,B006,P04,2/15/2024,39425.27,12.08,36,Active,25626
LN10326,C1086,B003,P01,1/29/2024,2552.09,20.66,240,Active,1531
LN10327,C1031,B008,P02,6/19/2024,16727.92,5.54,48,Active,7862
LN10328,C1119,B007,P05,3/11/2025,11287.5,11.41,48,Active,5531
LN10329,C1356,B010,P04,6/15/2025,12265.18,6.58,120,Active,8463
LN10330,C1264,B005,P03,1/21/2026,81619.12,6.96,120,Closed,0
LN10331,C1020,B010,P01,8/20/2025,65117.51,17.2,24,Active,37768
LN10332,C1239,B009,P03,5/14/2025,48592.75,4.71,60,Closed,0
LN10333,C1293,B001,P05,3/28/2024,86505.42,8.5,120,Active,70934
LN10334,C1268,B006,P04,11/1/2025,8719.05,13.24,60,Active,8196
LN10335,C1155,B005,P04,6/19/2025,28166.63,18.8,48,Active,23097
LN10336,C1403,B004,P02,10/7/2024,1833.73,13.75,120,Active,1595
LN10337,C1009,B007,P06,5/11/2024,12125.32,12.41,24,Active,8003
LN10338,C1133,B005,P02,3/12/2024,92397.35,17.84,180,Active,78538
LN10339,C1150,B005,P03,11/13/2025,72006.79,8.58,360,Closed,0
LN10340,C1270,B003,P04,12/10/2025,8456.24,9.98,72,Active,4144
LN10341,C1295,B010,P04,6/24/2024,10791.29,11.67,180,Closed,0
LN10342,C1193,B001,P03,2/6/2025,23941.09,17.09,48,Active,11971
LN10343,C1185,B003,P06,12/22/2024,14039.12,9.97,180,Closed,0
LN10344,C1177,B001,P02,1/24/2026,68099.27,18.81,84,Active,23835
LN10345,C1293,B005,P04,11/1/2024,80503.05,4.8,36,Paid Off,0
LN10346,C1049,B001,P03,4/25/2026,73025.54,14.29,72,Active,51118
LN10347,C1060,B005,P02,11/14/2025,89609.83,19.75,360,Active,77961
LN10348,C1065,B010,P06,5/21/2024,79824.28,6.14,36,Paid Off,0
LN10349,C1002,B009,P01,8/30/2024,95823.31,13.44,72,Active,62285
LN10350,C1447,B009,P02,7/26/2024,15188.57,10.69,360,Closed,0
LN10351,C1382,B004,P04,8/25/2025,28750.1,11.48,84,Closed,0
LN10352,C1281,B002,P03,5/2/2024,96437.21,5.1,48,Active,39539
LN10353,C1355,B003,P05,3/28/2026,86468.12,4.93,24,Active,71769
LN10354,C1345,B005,P06,9/13/2024,53380.17,14.51,48,Active,48042
LN10355,C1420,B010,P02,1/2/2024,94434.55,20.02,36,Active,41551
LN10356,C1248,B008,P05,9/11/2024,18856.9,7.07,240,Paid Off,0
LN10357,C1258,B002,P02,10/11/2024,75177.48,21.8,12,Active,66908
LN10358,C1327,B004,P06,11/5/2025,43474.97,15.86,36,Closed,0
LN10359,C1132,B001,P06,2/13/2024,17036.93,7.52,84,Active,7837
LN10360,C1320,B005,P02,2/23/2024,66818.96,5.15,180,Active,33409
LN10361,C1016,B006,P01,1/1/2026,3494.42,19.95,240,Closed,0
LN10362,C1047,B002,P02,11/13/2025,70752.33,14.47,72,Active,48112
LN10363,C1194,B002,P02,2/7/2026,46840.67,5.84,72,Active,41688
LN10364,C1335,B008,P05,1/6/2025,19557.85,11.25,36,Closed,0
LN10365,C1338,B010,P05,11/15/2025,55382.94,7.86,60,Active,28799
LN10366,C1110,B004,P02,2/24/2026,18978.6,9.82,360,Active,11767
LN10367,C1018,B007,P03,1/12/2026,85051.11,17.71,36,Closed,0
LN10368,C1087,B002,P06,9/6/2024,32041.26,15.02,72,Paid Off,0
LN10369,C1317,B007,P03,8/27/2024,68361.89,14.52,240,Closed,0
LN10370,C1241,B008,P05,4/27/2025,27700.74,13.48,72,Active,22715
LN10371,C1291,B008,P02,5/19/2024,18880.91,7.2,72,Active,7364
LN10372,C1121,B010,P02,3/28/2024,40663.89,19.72,36,Closed,0
LN10373,C1097,B001,P02,11/29/2024,1983.61,7.75,360,Active,833
LN10374,C1421,B006,P02,7/17/2025,29611.3,7.35,60,Closed,0
LN10375,C1194,B006,P03,4/17/2025,80854.53,18.77,12,Active,59832
LN10376,C1385,B003,P01,1/17/2024,6078.56,11.58,60,Active,3769
LN10377,C1045,B003,P01,2/17/2025,46623.47,21.09,36,Paid Off,0
LN10378,C1014,B010,P05,1/4/2026,54554.43,20.31,24,Active,37097
LN10379,C1489,B007,P01,9/16/2024,33686.07,20.36,120,Closed,0
LN10380,C1373,B001,P02,3/21/2024,41782.27,21.23,72,Active,21727
LN10381,C1306,B002,P02,8/31/2025,39445.26,11.73,12,Active,26823
LN10382,C1052,B001,P05,5/23/2025,16635.31,6.39,180,Active,9149
LN10383,C1464,B007,P05,6/3/2026,5375.87,5.67,360,Active,2742
LN10384,C1321,B004,P06,3/1/2026,69563.91,4.9,60,Active,66086
LN10385,C1192,B003,P06,10/8/2025,93345.88,11.3,48,Active,88679
LN10386,C1176,B006,P03,12/6/2024,58600.03,11.09,180,Active,51568
LN10387,C1228,B009,P04,5/30/2024,90976.68,21.08,12,Closed,0
LN10388,C1231,B004,P03,12/28/2025,82433.16,9.67,36,Active,29676
LN10389,C1012,B002,P02,5/25/2026,15155.79,4.52,180,Active,7729
LN10390,C1005,B007,P05,1/31/2026,67866.75,5.25,120,Active,52257
LN10391,C1427,B001,P04,10/13/2025,65480.76,15.3,84,Active,42562
LN10392,C1310,B009,P05,8/14/2025,35540.45,18.22,48,Active,28432
LN10393,C1441,B006,P06,6/25/2024,39878.91,5.66,120,Active,19939
LN10394,C1190,B003,P04,11/8/2024,66135.83,5.27,360,Active,41666
LN10395,C1322,B007,P03,11/29/2024,7381.5,6.78,180,Paid Off,0
LN10396,C1262,B009,P01,9/22/2025,53221.51,11.97,360,Active,26079
LN10397,C1245,B003,P01,7/2/2025,94900.67,20.96,180,Active,57889
LN10398,C1245,B004,P03,4/20/2025,76310.95,10.79,120,Active,45787
LN10399,C1221,B008,P06,7/12/2024,72747.3,9.88,36,Active,26189
LN10400,C1271,B006,P04,1/11/2025,75509.26,17.91,240,Active,31714
LN10401,C1344,B004,P03,9/15/2024,25486.26,6.87,180,Active,10449
LN10402,C1013,B007,P03,4/6/2025,91930.5,15.04,48,Active,61593
LN10403,C1171,B007,P05,7/31/2025,28384.21,4.79,360,Active,21004
LN10404,C1220,B003,P05,8/17/2024,79337.98,7.1,180,Active,60297
LN10405,C1449,B008,P05,10/26/2024,43856.22,18.34,180,Closed,0
LN10406,C1200,B005,P05,10/6/2025,45626.36,5.6,24,Paid Off,0
LN10407,C1398,B004,P04,9/8/2025,50220.98,7.09,84,Active,45701
LN10408,C1489,B002,P06,6/10/2026,8542.42,17.01,12,Active,4442
LN10409,C1039,B005,P05,7/26/2024,81140.7,7.07,120,Closed,0
LN10410,C1341,B003,P04,2/7/2026,55881.31,16.96,24,Closed,0
LN10411,C1080,B001,P06,10/19/2025,1329.57,6.19,36,Active,971
LN10412,C1327,B003,P01,4/30/2026,14379.82,19.94,48,Closed,0
LN10413,C1042,B007,P01,3/2/2024,20543.16,17.92,60,Active,9655
LN10414,C1352,B008,P03,9/3/2024,48216.27,17.0,240,Active,25072
LN10415,C1181,B009,P06,2/15/2026,53055.41,10.74,180,Closed,0
LN10416,C1468,B010,P05,3/26/2024,28766.86,8.39,12,Closed,0
LN10417,C1016,B002,P04,3/26/2025,76882.76,20.28,60,Active,61506
LN10418,C1421,B004,P05,11/5/2024,84523.8,16.81,48,Active,51560
LN10419,C1455,B005,P03,12/21/2025,75602.74,12.93,72,Active,32509
LN10420,C1099,B010,P06,5/28/2026,2593.77,5.61,120,Active,1193
LN10421,C1171,B010,P05,2/23/2025,14518.56,8.3,24,Closed,0
LN10422,C1266,B010,P01,5/3/2026,99439.37,14.75,24,Closed,0
LN10423,C1256,B002,P05,1/13/2024,86188.26,18.84,60,Active,53437
LN10424,C1184,B005,P02,4/24/2026,8029.7,4.31,24,Active,6504
LN10425,C1434,B006,P04,1/25/2024,28951.03,19.77,72,Paid Off,0
LN10426,C1202,B005,P06,1/21/2025,71981.38,14.84,12,Active,53986
LN10427,C1345,B006,P06,1/19/2024,98746.49,7.75,48,Active,62210
LN10428,C1358,B007,P05,3/6/2024,90453.05,19.33,180,Active,81408
LN10429,C1065,B004,P03,6/24/2024,31356.37,11.51,240,Active,16619
LN10430,C1369,B006,P02,2/2/2026,45430.09,19.66,180,Paid Off,0
LN10431,C1148,B005,P06,1/27/2024,89897.17,14.43,84,Active,36858
LN10432,C1185,B009,P01,11/29/2025,51983.85,16.59,72,Active,22353
LN10433,C1442,B006,P05,4/7/2026,21244.16,18.59,60,Active,18695
LN10434,C1307,B005,P05,4/9/2024,39139.61,9.43,120,Active,17613
LN10435,C1142,B007,P01,4/29/2025,71844.47,16.26,240,Active,60349
LN10436,C1225,B007,P02,11/12/2025,49137.02,15.32,240,Active,42749
LN10437,C1053,B010,P02,6/14/2025,76670.41,13.11,72,Active,26835
LN10438,C1481,B002,P05,4/20/2026,54220.78,12.05,24,Active,34159
LN10439,C1359,B006,P03,9/24/2025,8189.09,7.43,360,Active,6306
LN10440,C1037,B009,P05,4/30/2026,93774.9,5.39,24,Active,40323
LN10441,C1280,B001,P05,12/23/2025,52171.72,4.52,36,Active,46433
LN10442,C1484,B001,P02,3/4/2024,84897.85,6.66,36,Active,69616
LN10443,C1404,B001,P06,3/2/2024,62165.76,13.29,60,Active,40408
LN10444,C1310,B005,P02,6/28/2025,78844.93,14.58,84,Closed,0
LN10445,C1394,B002,P02,3/19/2024,55358.94,7.51,24,Active,40412
LN10446,C1087,B010,P01,3/29/2024,61188.95,20.4,24,Active,29371
LN10447,C1092,B010,P06,3/18/2025,50376.86,14.19,360,Active,22670
LN10448,C1358,B010,P01,10/26/2025,71599.38,9.0,180,Active,65871
LN10449,C1221,B005,P05,12/20/2024,7969.39,13.96,48,Active,5499
LN10450,C1294,B005,P01,9/7/2025,54596.44,13.24,240,Paid Off,0
LN10451,C1113,B008,P03,4/23/2026,71950.76,18.75,48,Active,59000
LN10452,C1025,B010,P04,5/27/2025,79177.08,8.38,84,Closed,0
LN10453,C1395,B004,P03,11/5/2024,34217.95,16.18,180,Active,17451
LN10454,C1095,B006,P01,6/3/2025,99571.14,6.2,240,Closed,0
LN10455,C1244,B005,P02,7/11/2024,10686.64,16.34,120,Active,5343
LN10456,C1481,B002,P02,5/24/2026,49017.47,6.14,12,Paid Off,0
LN10457,C1400,B002,P03,2/28/2025,17516.04,5.16,84,Active,9108
LN10458,C1031,B002,P04,3/29/2025,58551.27,10.22,360,Closed,0
LN10459,C1147,B001,P03,3/2/2026,18737.58,11.23,360,Paid Off,0
LN10460,C1128,B004,P06,2/16/2025,32974.53,9.24,24,Active,26709
LN10461,C1007,B006,P02,6/18/2024,27586.64,16.1,60,Active,11035
LN10462,C1039,B001,P02,2/27/2026,72587.87,9.29,72,Active,67507
LN10463,C1368,B007,P03,4/21/2026,45971.37,10.49,180,Active,33559
LN10464,C1285,B009,P02,1/27/2025,44455.89,15.84,60,Active,30675
LN10465,C1358,B007,P03,2/9/2026,63384.95,18.74,36,Active,43102
LN10466,C1006,B002,P02,5/14/2025,23670.75,10.66,360,Paid Off,0
LN10467,C1324,B001,P03,4/15/2024,24100.4,7.02,360,Closed,0
LN10468,C1466,B003,P06,9/6/2024,56435.3,7.04,72,Closed,0
LN10469,C1402,B005,P05,1/17/2024,73611.34,8.92,360,Active,50792
LN10470,C1377,B006,P03,10/19/2025,54343.15,14.19,60,Closed,0
LN10471,C1282,B007,P04,9/5/2024,18153.53,8.24,24,Active,11437
LN10472,C1390,B006,P04,11/3/2024,40133.24,5.68,12,Active,26488
LN10473,C1227,B005,P04,3/15/2024,36201.24,5.34,48,Paid Off,0
LN10474,C1497,B006,P06,7/23/2025,10598.88,15.1,12,Active,8161
LN10475,C1209,B004,P04,4/18/2024,87019.51,6.56,60,Paid Off,0
LN10476,C1419,B007,P05,2/5/2025,98716.02,13.08,12,Closed,0
LN10477,C1306,B004,P02,6/30/2024,8952.85,8.52,36,Active,7879
LN10478,C1045,B001,P06,4/16/2024,19083.92,9.01,72,Active,7443
LN10479,C1468,B007,P04,4/11/2026,79684.08,6.06,12,Closed,0
LN10480,C1340,B004,P03,4/20/2025,49729.86,20.74,48,Paid Off,0
LN10481,C1232,B010,P05,9/7/2024,62796.75,10.15,120,Active,52121
LN10482,C1265,B005,P04,9/21/2024,43892.41,14.03,240,Paid Off,0
LN10483,C1203,B001,P02,2/6/2025,49092.84,12.41,240,Active,33383
LN10484,C1389,B006,P01,1/8/2026,56787.87,6.16,60,Active,41455
LN10485,C1465,B004,P05,4/18/2025,48097.65,8.93,84,Closed,0
LN10486,C1290,B002,P01,1/11/2026,55795.4,5.5,72,Active,21760
LN10487,C1068,B004,P04,4/5/2025,93954.9,16.92,180,Paid Off,0
LN10488,C1443,B009,P03,2/13/2024,51784.09,16.74,72,Closed,0
LN10489,C1240,B009,P05,10/4/2024,80911.5,8.97,240,Closed,0
LN10490,C1427,B004,P06,10/28/2024,42632.66,18.54,36,Active,34532
LN10491,C1368,B010,P06,11/8/2025,16764.05,6.32,240,Active,8717
LN10492,C1194,B001,P01,3/19/2025,91286.08,15.55,36,Active,84896
LN10493,C1091,B006,P05,2/9/2026,3661.84,19.92,72,Active,2307
LN10494,C1396,B001,P05,4/29/2024,94951.9,12.33,180,Active,88305
LN10495,C1069,B006,P02,8/31/2025,1509.21,12.32,60,Closed,0
LN10496,C1352,B007,P01,12/24/2025,18798.86,9.71,72,Active,6768
LN10497,C1433,B001,P02,9/11/2024,57290.04,10.07,84,Closed,0
LN10498,C1323,B004,P01,8/20/2025,71388.45,5.77,72,Active,48544
LN10499,C1294,B005,P05,5/29/2026,14111.56,20.3,360,Closed,0
LN10500,C1460,B007,P02,2/20/2024,70943.39,8.64,72,Closed,0
LN10501,C1370,B003,P06,9/7/2024,34178.37,4.53,84,Active,11962
LN10502,C1264,B002,P03,10/20/2024,4952.8,16.67,24,Active,4358
LN10503,C1380,B002,P05,12/8/2025,98772.05,20.27,240,Active,67165
LN10504,C1054,B001,P01,11/2/2025,47231.58,21.62,72,Closed,0
LN10505,C1269,B008,P03,10/5/2024,50204.41,21.11,84,Closed,0
LN10506,C1415,B006,P01,1/17/2025,60508.83,19.32,24,Active,23598
LN10507,C1391,B002,P02,7/22/2025,91856.51,15.79,360,Active,69811
LN10508,C1133,B003,P06,11/4/2024,30678.55,16.97,360,Closed,0
LN10509,C1243,B008,P03,3/16/2026,12603.39,20.29,12,Active,7436
LN10510,C1034,B001,P05,6/25/2024,77228.79,4.01,48,Active,67189
LN10511,C1335,B006,P01,4/11/2025,4543.26,20.78,240,Active,2544
LN10512,C1047,B010,P04,5/26/2026,38077.02,15.68,36,Closed,0
LN10513,C1464,B001,P06,2/23/2026,15570.48,14.77,84,Active,8097
LN10514,C1172,B004,P01,2/18/2025,62165.81,21.12,48,Active,47868
LN10515,C1428,B003,P04,4/4/2024,89334.74,18.24,240,Active,50027
LN10516,C1173,B010,P05,7/2/2025,6490.42,7.09,72,Active,5841
LN10517,C1201,B004,P03,3/20/2024,56965.7,19.68,84,Active,48421
LN10518,C1090,B003,P06,5/5/2024,21887.65,5.52,360,Closed,0
LN10519,C1021,B003,P03,6/7/2024,66958.05,6.16,240,Active,32140
LN10520,C1262,B008,P05,1/9/2025,54581.4,14.34,360,Closed,0
LN10521,C1131,B006,P01,7/9/2024,40362.64,6.77,120,Active,27850
LN10522,C1208,B007,P06,10/16/2024,26313.5,7.98,48,Paid Off,0
LN10523,C1485,B010,P03,1/16/2024,39127.77,15.87,12,Active,36389
LN10524,C1088,B004,P03,1/15/2024,17582.76,12.13,48,Closed,0
LN10525,C1432,B002,P02,1/14/2024,47280.36,15.98,180,Active,16548
LN10526,C1375,B004,P03,12/12/2025,12691.83,9.64,240,Active,10280
LN10527,C1395,B010,P06,11/14/2025,37350.68,6.31,60,Active,22784
LN10528,C1118,B009,P03,11/26/2024,98315.25,8.48,360,Closed,0
LN10529,C1274,B005,P05,8/27/2024,19035.96,16.75,120,Paid Off,0
LN10530,C1499,B002,P04,10/1/2025,69592.44,11.93,180,Active,64025
LN10531,C1129,B001,P01,1/24/2024,69548.33,10.42,72,Active,27819
LN10532,C1476,B007,P02,6/4/2024,77345.24,14.46,60,Paid Off,0
LN10533,C1058,B002,P01,1/15/2024,77466.76,8.58,240,Closed,0
LN10534,C1380,B010,P04,11/21/2024,39182.28,7.4,36,Active,19199
LN10535,C1140,B008,P06,1/12/2025,27055.84,21.48,36,Closed,0
LN10536,C1283,B004,P05,3/1/2026,27261.68,17.11,60,Active,23718
LN10537,C1416,B003,P04,2/6/2024,48754.95,9.34,120,Closed,0
LN10538,C1440,B008,P06,9/26/2024,20476.0,19.12,72,Paid Off,0
LN10539,C1355,B006,P04,12/22/2025,61223.08,20.75,24,Closed,0
LN10540,C1223,B004,P06,7/22/2024,34740.86,16.06,180,Active,25361
LN10541,C1333,B001,P05,8/6/2024,9433.88,9.11,24,Active,6132
LN10542,C1349,B004,P05,9/24/2024,25344.22,8.7,48,Active,22049
LN10543,C1482,B005,P02,4/6/2024,63756.13,11.24,84,Closed,0
LN10544,C1191,B004,P04,11/12/2024,2711.32,17.53,360,Paid Off,0
LN10545,C1059,B006,P06,10/12/2024,54821.74,9.6,48,Paid Off,0
LN10546,C1036,B002,P01,9/14/2025,67205.71,8.14,24,Active,27554
LN10547,C1466,B006,P02,1/13/2026,98360.34,19.62,72,Active,80655
LN10548,C1014,B002,P04,4/10/2025,38404.02,17.5,240,Active,25347
LN10549,C1325,B002,P04,3/10/2026,9924.28,5.8,12,Active,7642
LN10550,C1093,B008,P02,7/1/2025,14408.66,21.22,180,Active,13112
LN10551,C1370,B006,P03,10/7/2025,36909.67,7.54,84,Active,15502
LN10552,C1461,B010,P06,1/2/2025,23641.52,9.61,36,Closed,0
LN10553,C1073,B010,P05,11/2/2025,22120.75,20.89,120,Active,13272
LN10554,C1377,B003,P01,4/15/2024,70785.28,18.78,240,Active,40348
LN10555,C1203,B001,P04,11/28/2024,53033.87,8.89,240,Closed,0
LN10556,C1295,B002,P04,4/28/2024,47194.24,6.41,240,Active,19350
LN10557,C1064,B010,P03,12/22/2025,74360.69,9.26,60,Active,37924
LN10558,C1442,B008,P01,6/10/2026,9346.23,11.95,72,Active,4673
LN10559,C1092,B009,P03,8/23/2025,50796.25,7.15,360,Paid Off,0
LN10560,C1021,B005,P02,3/16/2025,72911.92,18.36,120,Active,48122
LN10561,C1103,B008,P04,12/5/2024,18711.15,5.05,24,Closed,0
LN10562,C1241,B006,P04,2/27/2026,38502.19,5.01,120,Closed,0
LN10563,C1031,B002,P01,5/31/2024,76528.84,12.04,84,Active,35203
LN10564,C1112,B009,P03,9/29/2025,83402.23,5.56,180,Active,53377
LN10565,C1258,B004,P04,1/20/2026,24906.79,21.35,180,Active,10710
LN10566,C1443,B005,P02,1/20/2025,81170.14,5.68,180,Closed,0
LN10567,C1202,B008,P03,3/22/2024,74466.31,6.38,24,Closed,0
LN10568,C1069,B007,P01,7/31/2025,65357.37,15.77,60,Active,39214
LN10569,C1422,B007,P04,1/21/2026,31054.29,6.58,36,Active,19254
LN10570,C1384,B001,P06,12/18/2025,15921.25,12.41,180,Active,10826
LN10571,C1164,B001,P03,7/31/2024,65658.52,13.07,48,Active,33486
LN10572,C1265,B004,P03,4/4/2024,59590.84,15.57,180,Active,32179
LN10573,C1467,B007,P05,5/24/2024,96916.56,6.73,48,Closed,0
LN10574,C1400,B010,P02,5/21/2025,26696.72,16.41,36,Active,20823
LN10575,C1165,B002,P01,2/3/2026,3725.57,8.35,120,Closed,0
LN10576,C1423,B004,P05,2/28/2025,4447.86,12.46,60,Active,3114
LN10577,C1153,B004,P03,4/18/2024,54281.56,8.39,72,Active,46682
LN10578,C1022,B005,P05,5/14/2024,34867.82,10.89,24,Active,27546
LN10579,C1331,B005,P01,11/9/2025,40578.48,21.56,72,Closed,0
LN10580,C1140,B009,P05,3/14/2025,56994.17,10.79,48,Active,38186
LN10581,C1451,B009,P05,5/7/2025,44929.94,6.95,60,Active,40886
LN10582,C1304,B008,P02,8/27/2025,12223.25,17.24,120,Paid Off,0
LN10583,C1481,B004,P01,4/25/2024,59183.04,19.85,48,Closed,0
LN10584,C1206,B010,P04,9/17/2024,68437.7,7.89,24,Active,47906
LN10585,C1210,B002,P01,12/29/2024,60646.44,20.76,60,Paid Off,0
LN10586,C1052,B010,P05,3/30/2025,24559.29,19.27,12,Active,16209
LN10587,C1013,B009,P01,8/1/2025,17139.43,11.49,60,Active,9255
LN10588,C1327,B002,P04,9/17/2024,8203.37,20.83,24,Closed,0
LN10589,C1166,B010,P05,4/21/2026,77246.2,19.37,180,Paid Off,0
LN10590,C1291,B003,P06,4/16/2025,8496.11,15.3,120,Active,7307
LN10591,C1110,B010,P01,10/5/2025,77409.88,13.06,36,Active,51091
LN10592,C1187,B009,P03,9/2/2024,40186.71,20.0,240,Active,28934
LN10593,C1414,B002,P03,1/28/2026,90817.15,10.81,72,Active,40868
LN10594,C1236,B003,P02,1/28/2026,13731.78,5.02,360,Active,12771
LN10595,C1424,B001,P06,1/12/2024,80850.33,19.14,180,Closed,0
LN10596,C1191,B010,P06,6/15/2024,31081.29,5.95,84,Active,11811
LN10597,C1250,B010,P01,3/13/2025,35961.82,7.38,72,Active,18341
LN10598,C1219,B008,P01,10/23/2025,96405.52,13.62,72,Active,82909
LN10599,C1032,B001,P01,3/9/2025,91424.01,5.87,360,Active,44798
LN10600,C1354,B003,P02,6/7/2024,70782.11,12.32,60,Active,66535
LN10601,C1367,B006,P04,6/16/2025,99496.19,6.24,12,Paid Off,0
LN10602,C1259,B002,P06,1/25/2026,72872.96,19.45,120,Active,67043
LN10603,C1088,B009,P02,10/29/2025,99257.53,20.93,240,Closed,0
LN10604,C1314,B006,P04,10/3/2024,56749.69,9.65,36,Active,36320
LN10605,C1284,B004,P05,8/17/2025,94997.54,8.03,12,Active,76948
LN10606,C1126,B004,P03,2/15/2025,52787.48,11.73,36,Closed,0
LN10607,C1409,B007,P05,5/31/2026,39192.73,10.79,84,Active,25867
LN10608,C1266,B008,P04,2/11/2026,79472.33,8.06,12,Closed,0
LN10609,C1204,B008,P04,3/19/2026,93790.97,13.8,120,Active,39392
LN10610,C1390,B010,P01,9/30/2024,90679.37,6.31,240,Closed,0
LN10611,C1298,B006,P02,2/9/2024,15477.33,5.84,72,Active,10525
LN10612,C1396,B002,P01,8/7/2025,72502.54,9.2,60,Paid Off,0
LN10613,C1381,B010,P02,10/7/2024,40004.33,17.97,36,Paid Off,0
LN10614,C1377,B010,P06,7/2/2025,31297.2,21.7,24,Active,13145
LN10615,C1288,B001,P02,3/29/2025,56549.33,8.32,84,Active,29406
LN10616,C1376,B009,P01,5/22/2024,14905.47,14.65,240,Active,10881
LN10617,C1383,B007,P03,1/24/2026,80474.22,15.21,120,Active,41847
LN10618,C1050,B002,P06,9/7/2025,6584.91,11.34,360,Closed,0
LN10619,C1184,B008,P02,12/5/2024,10432.62,14.47,48,Active,6781
LN10620,C1428,B009,P03,5/1/2026,7410.9,20.59,24,Active,4002
LN10621,C1073,B008,P06,7/1/2025,50683.4,11.07,24,Active,45108
LN10622,C1500,B005,P03,11/30/2025,70836.5,21.33,24,Closed,0
LN10623,C1285,B007,P06,5/29/2024,18586.45,18.3,36,Active,14497
LN10624,C1131,B007,P03,10/4/2024,76996.95,10.98,360,Active,36189
LN10625,C1206,B001,P04,2/22/2025,76647.51,20.43,84,Paid Off,0
LN10626,C1194,B005,P03,5/1/2024,19373.32,16.78,240,Active,14530
LN10627,C1266,B006,P02,11/20/2024,88580.17,7.85,240,Active,37204
LN10628,C1146,B003,P04,11/24/2024,68654.13,13.88,60,Active,43252
LN10629,C1414,B009,P03,2/5/2026,99547.13,6.12,84,Closed,0
LN10630,C1100,B003,P03,1/10/2026,67980.0,6.02,240,Active,31271
LN10631,C1390,B002,P02,10/16/2024,49806.71,18.12,180,Active,34367
LN10632,C1206,B005,P03,5/25/2024,9396.79,8.1,36,Closed,0
LN10633,C1120,B010,P02,10/18/2024,78472.63,15.42,360,Paid Off,0
LN10634,C1418,B003,P06,3/2/2024,78433.78,12.23,48,Closed,0
LN10635,C1170,B002,P03,8/29/2024,94638.61,5.44,60,Active,69086
LN10636,C1212,B009,P05,4/27/2026,43790.38,7.41,24,Active,15327
LN10637,C1464,B001,P04,9/4/2024,85802.75,18.25,12,Active,34321
LN10638,C1231,B004,P05,9/15/2024,93490.94,11.87,72,Active,50485
LN10639,C1197,B002,P03,7/11/2025,54717.99,6.06,84,Active,24076
LN10640,C1175,B007,P05,4/16/2024,82295.54,6.67,180,Paid Off,0
LN10641,C1315,B003,P05,2/7/2026,48825.01,19.69,24,Active,19530
LN10642,C1326,B009,P02,1/16/2026,76664.6,18.08,360,Active,53665
LN10643,C1002,B003,P06,4/20/2026,11868.69,20.44,180,Active,6884
LN10644,C1066,B005,P03,8/13/2024,50982.35,7.47,72,Active,35688
LN10645,C1034,B007,P04,4/26/2026,19909.52,14.62,72,Active,7167
LN10646,C1282,B005,P06,10/27/2025,57287.75,13.15,48,Active,29217
LN10647,C1403,B010,P02,7/15/2024,60396.16,11.7,84,Active,45297
LN10648,C1063,B006,P06,7/11/2025,75449.89,5.66,72,Closed,0
LN10649,C1060,B009,P01,12/12/2024,24330.38,6.41,36,Active,16301
LN10650,C1072,B006,P02,5/21/2024,32124.66,17.6,36,Active,12207
LN10651,C1331,B003,P06,2/5/2024,60596.74,8.79,180,Paid Off,0
LN10652,C1484,B007,P01,1/12/2024,32299.45,19.71,36,Closed,0
LN10653,C1257,B005,P03,3/13/2024,54434.61,4.41,84,Active,37016
LN10654,C1171,B006,P04,4/4/2025,84486.81,13.16,48,Active,64210
LN10655,C1027,B002,P01,12/28/2025,41364.41,21.49,60,Active,31023
LN10656,C1276,B002,P06,3/29/2026,69427.7,14.09,84,Active,36102
LN10657,C1493,B001,P02,9/22/2024,76832.8,16.9,72,Closed,0
LN10658,C1058,B007,P01,6/30/2025,41997.14,15.69,48,Paid Off,0
LN10659,C1302,B002,P04,8/21/2025,5213.65,7.92,360,Active,2920
LN10660,C1264,B002,P05,2/18/2026,36191.13,17.8,72,Active,13029
LN10661,C1004,B005,P06,4/28/2025,99347.35,13.19,24,Active,65569
LN10662,C1460,B009,P06,3/28/2026,94210.37,17.44,36,Active,75368
LN10663,C1090,B001,P02,4/2/2026,19774.28,13.5,24,Active,17006
LN10664,C1471,B002,P06,12/3/2024,62481.64,8.13,240,Active,56858
LN10665,C1028,B001,P01,5/9/2026,80314.47,20.45,120,Paid Off,0
LN10666,C1377,B002,P06,10/19/2024,66311.38,6.45,360,Active,27188
LN10667,C1028,B005,P03,5/23/2024,56727.52,15.73,36,Active,40844
LN10668,C1360,B001,P02,9/6/2024,63238.24,8.45,240,Paid Off,0
LN10669,C1150,B010,P05,3/11/2024,48334.45,7.61,36,Active,27551
LN10670,C1119,B009,P03,5/20/2026,27226.07,4.33,240,Active,25865
LN10671,C1219,B003,P03,2/13/2026,50446.84,15.99,12,Closed,0
LN10672,C1210,B007,P04,5/22/2026,43039.66,13.14,84,Active,16355
LN10673,C1416,B003,P05,11/10/2024,59547.84,19.87,60,Closed,0
LN10674,C1409,B005,P02,6/25/2025,47930.06,7.63,24,Paid Off,0
LN10675,C1183,B001,P06,8/17/2024,58442.35,13.22,240,Active,37988
LN10676,C1467,B008,P03,11/24/2024,64047.01,6.31,24,Active,50597
LN10677,C1422,B005,P02,8/21/2025,98041.54,14.85,84,Active,36275
LN10678,C1159,B008,P01,10/20/2024,78383.79,4.63,72,Active,72113
LN10679,C1332,B003,P05,2/24/2025,93004.85,18.92,60,Active,40922
LN10680,C1418,B009,P06,4/15/2026,89913.77,18.13,240,Closed,0
LN10681,C1051,B008,P04,12/31/2024,61866.94,21.1,240,Active,35883
LN10682,C1372,B001,P03,1/9/2026,13727.81,17.97,72,Paid Off,0
LN10683,C1198,B003,P06,9/9/2025,72587.82,5.66,60,Active,67507
LN10684,C1217,B005,P05,6/30/2025,87891.99,15.84,120,Active,66798
LN10685,C1086,B002,P01,4/13/2025,43905.22,18.76,72,Active,39954
LN10686,C1257,B007,P05,3/21/2025,97255.88,5.31,24,Closed,0
LN10687,C1353,B007,P01,10/19/2024,82815.91,17.73,36,Active,33955
LN10688,C1221,B001,P06,7/26/2024,68569.3,20.81,12,Active,63769
LN10689,C1153,B003,P01,6/9/2024,91856.97,12.4,360,Active,36743
LN10690,C1125,B001,P02,2/1/2024,20342.39,6.23,48,Paid Off,0
LN10691,C1012,B010,P02,12/26/2025,71870.86,12.71,360,Closed,0
LN10692,C1477,B010,P06,9/19/2025,50784.91,17.12,180,Active,20822
LN10693,C1203,B009,P03,2/10/2024,48799.88,11.8,240,Active,36600
LN10694,C1453,B002,P05,1/1/2024,70472.07,8.52,180,Active,57787
LN10695,C1183,B009,P01,8/28/2024,64084.73,15.82,60,Closed,0
LN10696,C1055,B004,P06,7/28/2025,62301.73,17.06,12,Active,55449
LN10697,C1410,B010,P04,2/14/2025,62766.35,20.48,360,Active,51468
LN10698,C1170,B006,P03,7/15/2024,65586.63,21.29,36,Closed,0
LN10699,C1488,B008,P05,2/23/2025,28053.67,13.54,24,Closed,0
LN10700,C1049,B005,P04,11/18/2024,2352.22,15.86,84,Paid Off,0
LN10701,C1436,B007,P06,5/31/2024,80011.06,12.38,24,Active,70410
LN10702,C1283,B007,P01,11/2/2025,63109.45,6.14,72,Paid Off,0
LN10703,C1155,B001,P03,6/4/2026,5178.05,9.95,84,Active,2848
LN10704,C1089,B006,P05,12/14/2025,72355.05,20.81,72,Active,47031
LN10705,C1371,B007,P01,4/29/2026,37415.24,15.11,120,Active,27313
LN10706,C1489,B002,P01,11/7/2024,83645.31,5.02,60,Active,46841
LN10707,C1484,B003,P06,8/17/2025,50949.35,11.72,36,Active,20380
LN10708,C1305,B007,P05,2/9/2024,68293.54,14.64,72,Closed,0
LN10709,C1338,B005,P05,1/7/2025,33696.95,18.53,360,Closed,0
LN10710,C1205,B009,P04,4/11/2025,20878.82,17.23,60,Active,16494
LN10711,C1363,B002,P01,8/16/2024,45652.64,14.8,180,Active,39718
LN10712,C1028,B010,P02,5/15/2024,20192.7,6.85,48,Paid Off,0
LN10713,C1184,B003,P04,2/9/2026,35192.32,14.72,36,Active,31321
LN10714,C1363,B009,P04,12/30/2024,45808.94,6.02,36,Closed,0
LN10715,C1361,B004,P01,8/13/2025,66403.79,7.64,72,Active,31210
LN10716,C1489,B002,P01,3/8/2024,39082.97,9.89,120,Active,16024
LN10717,C1117,B005,P02,3/21/2026,85210.16,10.98,36,Active,34936
LN10718,C1152,B005,P06,1/25/2026,44795.14,7.83,240,Active,21054
LN10719,C1294,B010,P02,1/12/2024,3830.54,17.65,12,Active,1609
LN10720,C1385,B010,P03,11/11/2025,74077.02,20.53,24,Active,39261
LN10721,C1094,B002,P04,3/5/2026,26915.55,19.9,60,Closed,0
LN10722,C1259,B004,P06,10/27/2024,6658.83,10.94,360,Active,3929
LN10723,C1091,B001,P03,6/21/2025,57284.49,8.4,24,Active,45828
LN10724,C1185,B010,P05,7/12/2025,91749.14,12.59,24,Active,82574
LN10725,C1110,B005,P02,6/10/2026,71111.9,20.89,84,Paid Off,0
LN10726,C1097,B009,P03,3/27/2024,95229.09,19.19,240,Active,82849
LN10727,C1460,B010,P01,3/7/2026,64685.71,6.77,36,Active,49808
LN10728,C1284,B001,P03,6/12/2026,37036.93,11.34,60,Active,28889
LN10729,C1121,B003,P02,1/6/2024,80462.48,12.44,60,Active,41036
LN10730,C1295,B003,P05,9/25/2024,68462.67,19.86,120,Closed,0
LN10731,C1187,B001,P04,4/18/2024,8993.97,7.86,240,Closed,0
LN10732,C1475,B003,P01,3/9/2024,59743.0,9.28,360,Active,26884
LN10733,C1325,B001,P04,8/13/2025,41577.42,15.93,72,Active,28273
LN10734,C1161,B002,P05,2/12/2024,38657.79,21.21,180,Active,17783
LN10735,C1303,B006,P01,6/2/2024,45556.77,15.75,84,Active,42368
LN10736,C1329,B005,P03,11/20/2024,26814.59,14.47,84,Active,21452
LN10737,C1104,B009,P03,7/24/2024,7019.18,6.36,24,Active,6177
LN10738,C1319,B007,P02,2/5/2024,59197.86,16.12,180,Active,37887
LN10739,C1424,B008,P03,3/30/2026,94191.35,15.12,72,Active,83830
LN10740,C1411,B003,P02,9/13/2024,62035.57,17.82,180,Paid Off,0
LN10741,C1311,B004,P02,9/5/2025,40019.34,8.22,84,Paid Off,0
LN10742,C1180,B010,P05,5/12/2026,74861.49,8.43,84,Closed,0
LN10743,C1359,B005,P05,3/20/2026,81606.28,19.4,84,Closed,0
LN10744,C1373,B006,P06,2/24/2025,35136.1,12.52,48,Active,27406
LN10745,C1292,B003,P01,4/12/2024,99195.12,17.41,36,Closed,0
LN10746,C1246,B004,P01,1/12/2024,26099.64,18.97,12,Paid Off,0
LN10747,C1482,B009,P05,9/24/2024,39890.71,17.33,180,Active,16754
LN10748,C1328,B005,P06,11/18/2024,66436.24,7.2,240,Active,55806
LN10749,C1051,B004,P05,12/1/2025,23233.53,11.99,72,Closed,0
LN10750,C1035,B002,P02,8/23/2025,43735.94,20.62,180,Closed,0
LN10751,C1411,B006,P01,9/6/2024,52018.83,19.41,48,Active,36933
LN10752,C1435,B001,P05,1/7/2026,10804.04,9.15,180,Active,4106
LN10753,C1033,B004,P01,9/22/2025,90245.48,14.49,360,Active,47830
LN10754,C1132,B009,P02,8/28/2025,31945.15,18.32,84,Closed,0
LN10755,C1164,B001,P01,11/22/2025,58708.68,6.14,180,Active,54012
LN10756,C1267,B002,P05,2/22/2024,75826.0,12.13,120,Active,39430
LN10757,C1180,B004,P06,2/3/2024,71583.73,7.34,36,Active,28633
LN10758,C1115,B009,P05,12/6/2024,63049.3,4.64,36,Active,42243
LN10759,C1474,B008,P04,12/1/2024,9614.04,7.43,84,Active,4326
LN10760,C1257,B009,P02,6/24/2024,18607.69,13.96,24,Active,12467
LN10761,C1491,B007,P05,1/5/2024,29249.19,14.07,180,Active,27787
LN10762,C1497,B006,P05,1/31/2024,93811.5,18.22,180,Closed,0
LN10763,C1414,B001,P06,9/25/2025,93764.86,15.13,180,Active,67511
LN10764,C1292,B001,P01,5/1/2026,85644.04,8.94,48,Active,66802
LN10765,C1013,B008,P02,1/12/2024,85465.42,5.97,12,Active,37605
LN10766,C1198,B004,P01,4/4/2025,45607.5,7.82,60,Active,34206
LN10767,C1465,B005,P01,6/14/2024,67862.06,5.89,72,Active,27823
LN10768,C1385,B006,P02,4/27/2025,73203.09,4.13,360,Active,66615
LN10769,C1058,B008,P06,5/18/2025,40799.44,12.59,12,Closed,0
LN10770,C1032,B003,P06,2/28/2024,53879.2,4.38,180,Active,48491
LN10771,C1045,B008,P03,6/13/2024,22192.16,20.84,60,Paid Off,0
LN10772,C1416,B005,P03,2/5/2026,77476.76,19.49,72,Closed,0
LN10773,C1492,B006,P06,5/9/2026,22654.0,21.85,12,Closed,0
LN10774,C1043,B010,P04,12/8/2024,42547.58,18.13,48,Active,16594
LN10775,C1014,B004,P05,11/7/2024,79483.04,11.55,120,Active,65971
LN10776,C1008,B010,P04,10/4/2024,70705.43,11.14,360,Closed,0
LN10777,C1338,B007,P03,11/28/2025,71207.02,20.94,48,Active,54829
LN10778,C1239,B004,P05,2/14/2026,95132.92,6.96,120,Active,44712
LN10779,C1408,B009,P04,3/20/2025,66996.36,17.62,12,Closed,0
LN10780,C1486,B001,P02,3/15/2024,63813.8,15.21,84,Active,56156
LN10781,C1427,B010,P03,2/2/2025,92946.22,11.07,60,Closed,0
LN10782,C1040,B001,P06,12/19/2025,40790.68,17.28,84,Paid Off,0
LN10783,C1112,B006,P04,11/19/2024,12490.05,16.64,24,Active,5496
LN10784,C1211,B009,P01,4/5/2025,63454.04,21.87,180,Active,52667
LN10785,C1362,B010,P02,8/2/2025,38608.46,21.64,240,Active,30887
LN10786,C1459,B001,P05,2/11/2025,33176.91,21.95,84,Active,18247
LN10787,C1361,B010,P04,2/7/2025,45001.14,8.45,120,Paid Off,0
LN10788,C1482,B007,P02,9/3/2024,4455.3,15.23,84,Active,3030
LN10789,C1007,B007,P02,6/15/2025,79885.95,13.36,72,Active,59914
LN10790,C1363,B003,P06,11/28/2024,56740.09,19.05,48,Closed,0
LN10791,C1113,B004,P01,10/17/2025,80837.04,7.14,36,Active,44460
LN10792,C1196,B010,P03,7/23/2024,58425.76,10.86,84,Closed,0
LN10793,C1272,B002,P03,10/23/2024,43037.33,8.9,24,Active,33999
LN10794,C1328,B005,P05,6/1/2025,72996.94,15.52,84,Active,65697
LN10795,C1223,B009,P04,2/18/2026,97131.73,7.82,60,Active,67021
LN10796,C1098,B005,P03,3/18/2024,1267.16,7.24,72,Closed,0
LN10797,C1100,B010,P02,1/9/2026,33668.73,19.6,360,Active,13804
LN10798,C1438,B004,P05,5/18/2024,15928.23,21.46,240,Active,6690
LN10799,C1151,B009,P02,5/10/2025,78164.12,5.09,180,Paid Off,0
LN10800,C1124,B007,P02,5/13/2025,77759.63,6.69,48,Active,42768
LN10801,C1246,B005,P02,7/18/2025,89950.39,14.55,180,Closed,0
LN10802,C1024,B008,P06,1/10/2025,63856.68,13.56,24,Active,46615
LN10803,C1258,B004,P05,12/1/2024,30482.06,5.78,72,Active,16460
LN10804,C1001,B001,P02,2/16/2025,97588.01,7.93,240,Active,60505
LN10805,C1040,B002,P06,3/5/2026,32097.28,8.73,84,Active,20221
LN10806,C1005,B006,P05,6/28/2024,96055.39,9.45,24,Active,51870
LN10807,C1023,B004,P01,9/14/2025,93967.76,10.53,24,Paid Off,0
LN10808,C1448,B009,P04,6/24/2025,9807.85,20.49,24,Active,5689
LN10809,C1240,B009,P02,3/10/2026,93904.7,14.66,360,Active,55404
LN10810,C1202,B004,P03,12/6/2025,4292.73,18.86,240,Active,1760
LN10811,C1324,B009,P05,7/17/2025,65172.67,14.54,72,Paid Off,0
LN10812,C1443,B004,P03,9/1/2025,22037.44,6.92,360,Active,8374
LN10813,C1440,B002,P06,10/14/2025,96243.18,10.79,12,Active,64483
LN10814,C1115,B001,P03,2/5/2024,76331.55,13.12,12,Active,61829
LN10815,C1071,B009,P03,6/30/2025,51332.19,19.71,180,Closed,0
LN10816,C1179,B009,P01,2/8/2025,1170.91,16.38,72,Active,972
LN10817,C1066,B009,P04,3/27/2025,3793.64,14.36,180,Active,3111
LN10818,C1265,B006,P04,12/4/2025,11317.9,13.86,36,Active,8375
LN10819,C1082,B004,P01,1/20/2025,88042.71,8.78,360,Closed,0
LN10820,C1422,B004,P04,2/23/2025,82388.65,19.84,72,Active,66735
LN10821,C1436,B007,P03,4/8/2025,2365.42,12.24,60,Closed,0
LN10822,C1181,B009,P04,3/26/2026,2062.61,17.36,84,Active,969
LN10823,C1397,B006,P02,12/17/2025,42747.41,16.62,48,Active,27358
LN10824,C1186,B003,P01,6/2/2026,9343.31,10.89,84,Paid Off,0
LN10825,C1423,B002,P06,1/13/2025,12938.83,5.59,24,Active,10351
LN10826,C1464,B007,P01,1/8/2025,42743.26,8.2,120,Closed,0
LN10827,C1205,B008,P06,4/20/2024,61402.23,11.51,84,Active,58332
LN10828,C1496,B001,P04,10/18/2024,23051.77,5.98,36,Active,12678
LN10829,C1339,B002,P01,4/20/2024,75274.43,17.86,36,Active,27852
LN10830,C1301,B006,P03,5/3/2025,18806.28,16.49,24,Active,13164
LN10831,C1401,B004,P06,4/27/2024,43292.71,19.99,240,Active,32470
LN10832,C1380,B002,P02,9/15/2024,84059.45,8.78,12,Active,64726
LN10833,C1239,B007,P03,3/12/2026,33918.68,9.49,240,Closed,0
LN10834,C1258,B006,P04,9/11/2025,6919.25,16.66,24,Closed,0
LN10835,C1293,B003,P02,3/8/2026,7803.63,16.1,60,Closed,0
LN10836,C1415,B001,P02,1/1/2024,97101.16,14.72,24,Closed,0
LN10837,C1273,B007,P05,6/26/2024,40578.53,5.73,360,Closed,0
LN10838,C1428,B007,P05,3/1/2025,59222.42,16.69,12,Closed,0
LN10839,C1112,B005,P05,4/28/2025,34394.07,10.48,240,Active,27515
LN10840,C1287,B007,P02,6/28/2025,62648.47,19.64,48,Active,56384
LN10841,C1104,B006,P04,3/22/2024,49152.72,13.79,360,Active,28017
LN10842,C1241,B007,P05,7/14/2024,23226.15,18.93,180,Active,21136
LN10843,C1175,B007,P01,2/26/2025,37136.54,15.67,240,Active,14483
LN10844,C1442,B007,P02,5/20/2026,58355.52,9.04,180,Active,32679
LN10845,C1058,B008,P01,2/20/2026,68592.2,21.98,360,Active,63105
LN10846,C1370,B002,P06,12/16/2025,57773.7,7.78,72,Active,26576
LN10847,C1213,B002,P05,12/3/2025,67105.46,18.13,180,Paid Off,0
LN10848,C1387,B001,P05,11/8/2025,46196.02,4.26,24,Active,39267
LN10849,C1223,B005,P05,5/29/2024,82260.59,8.22,240,Closed,0
LN10850,C1312,B009,P03,7/17/2025,65112.96,8.56,240,Active,23441
LN10851,C1379,B009,P03,9/10/2024,85267.74,13.31,48,Active,60540
LN10852,C1044,B005,P02,9/30/2025,53528.34,18.6,120,Closed,0
LN10853,C1444,B010,P04,3/4/2024,48125.58,7.32,24,Closed,0
LN10854,C1096,B008,P05,3/31/2025,68625.86,21.71,72,Active,29509
LN10855,C1290,B002,P02,1/17/2026,16283.01,13.63,180,Active,14818
LN10856,C1378,B002,P04,4/7/2026,40347.0,5.1,36,Active,36312
LN10857,C1417,B006,P06,2/10/2024,2241.58,12.56,60,Closed,0
LN10858,C1332,B010,P06,5/7/2026,90986.03,5.0,240,Active,62780
LN10859,C1263,B004,P06,11/21/2024,93921.76,12.42,48,Paid Off,0
LN10860,C1144,B005,P02,8/17/2024,80104.26,9.07,240,Closed,0
LN10861,C1067,B009,P02,7/13/2025,59177.77,13.93,180,Active,33140
LN10862,C1364,B008,P03,6/6/2024,1014.55,14.87,24,Closed,0
LN10863,C1488,B005,P01,6/21/2025,88979.58,4.65,36,Active,60506
LN10864,C1375,B004,P02,9/11/2025,5363.8,7.0,120,Active,3755
LN10865,C1447,B008,P01,1/2/2026,31451.68,6.19,24,Active,14782
LN10866,C1304,B002,P03,4/24/2024,22447.5,5.5,36,Paid Off,0
LN10867,C1478,B003,P04,9/1/2024,28747.37,11.91,72,Active,12936
LN10868,C1031,B004,P01,5/20/2024,8709.05,7.83,12,Closed,0
LN10869,C1440,B005,P01,5/15/2024,84014.97,4.03,12,Paid Off,0
LN10870,C1380,B008,P05,3/9/2024,46145.05,13.07,60,Active,35993
LN10871,C1005,B003,P01,6/21/2025,68387.67,17.58,72,Active,45136
LN10872,C1175,B002,P04,4/9/2024,45134.28,7.27,120,Active,33399
LN10873,C1241,B010,P02,3/20/2024,92596.86,9.47,240,Active,83337
LN10874,C1304,B006,P06,4/28/2025,90958.14,15.66,12,Active,62761
LN10875,C1259,B010,P01,10/10/2024,84620.12,7.03,180,Active,42310
LN10876,C1216,B001,P01,3/31/2024,99842.17,8.37,240,Closed,0
LN10877,C1026,B010,P04,12/2/2024,24401.5,10.93,84,Active,12933
LN10878,C1185,B005,P03,10/11/2024,3435.57,20.22,60,Closed,0
LN10879,C1258,B006,P01,8/31/2025,47765.16,7.76,120,Paid Off,0
LN10880,C1074,B008,P02,5/14/2024,65582.12,18.05,48,Closed,0
LN10881,C1155,B001,P04,8/25/2025,92000.94,20.68,360,Active,34040
LN10882,C1343,B003,P06,8/31/2024,56290.48,21.79,84,Active,35463
LN10883,C1490,B003,P03,4/16/2024,92614.98,5.65,72,Active,85206
LN10884,C1289,B002,P02,5/6/2026,96854.9,15.94,60,Paid Off,0
LN10885,C1405,B005,P01,1/11/2024,44209.73,11.52,240,Paid Off,0
LN10886,C1252,B002,P01,5/9/2026,43928.18,21.5,60,Active,20207
LN10887,C1305,B002,P02,6/10/2024,85036.62,9.98,60,Active,49321
LN10888,C1094,B004,P01,2/25/2026,2887.33,15.97,360,Active,2079
LN10889,C1054,B010,P01,12/10/2024,58784.2,20.84,180,Closed,0
LN10890,C1499,B001,P01,2/7/2024,41803.11,15.14,24,Active,19647
LN10891,C1108,B002,P02,1/23/2026,53091.2,7.21,84,Active,27607
LN10892,C1409,B003,P01,4/25/2026,92055.6,15.85,84,Active,65359
LN10893,C1067,B006,P06,7/24/2025,67719.26,21.54,180,Active,25056
LN10894,C1196,B006,P04,4/18/2025,6045.76,5.11,48,Paid Off,0
LN10895,C1079,B010,P04,1/15/2026,17036.72,14.46,72,Closed,0
LN10896,C1463,B009,P01,11/28/2024,37697.33,21.27,72,Closed,0
LN10897,C1017,B009,P01,8/16/2024,21173.0,19.97,24,Closed,0
LN10898,C1124,B009,P01,9/7/2025,37837.82,9.04,84,Active,32162
LN10899,C1427,B002,P04,5/3/2025,48072.58,17.05,24,Closed,0
LN10900,C1148,B004,P05,8/3/2025,7478.74,12.64,72,Active,4637
LN10901,C1084,B003,P02,5/24/2025,16860.87,14.99,120,Active,11465
LN10902,C1415,B005,P03,12/20/2024,18802.15,14.93,36,Closed,0
LN10903,C1242,B007,P05,6/27/2024,87882.59,8.66,24,Active,61518
LN10904,C1071,B001,P03,7/29/2024,45896.64,5.35,360,Closed,0
LN10905,C1147,B008,P01,9/20/2024,35743.7,5.94,120,Active,32169
LN10906,C1202,B001,P05,7/20/2024,2648.44,8.34,240,Closed,0
LN10907,C1464,B001,P02,9/6/2025,50454.54,12.0,24,Closed,0
LN10908,C1399,B006,P05,3/12/2026,94987.7,8.17,120,Active,59842
LN10909,C1048,B009,P02,7/11/2025,59182.19,21.63,180,Active,50305
LN10910,C1169,B006,P06,9/15/2025,82563.47,4.76,240,Active,63574
LN10911,C1212,B010,P05,1/2/2024,21988.83,16.13,360,Paid Off,0
LN10912,C1176,B003,P06,1/11/2026,46072.48,9.01,60,Closed,0
LN10913,C1433,B010,P04,6/26/2025,38146.18,10.31,24,Active,35857
LN10914,C1082,B010,P02,8/18/2025,41701.63,7.92,48,Active,25438
LN10915,C1325,B005,P02,12/11/2025,62855.0,8.16,24,Paid Off,0
LN10916,C1149,B004,P04,4/5/2024,78514.68,16.75,120,Active,49464
LN10917,C1133,B005,P03,2/22/2025,33416.79,5.19,84,Active,24394
LN10918,C1325,B004,P06,9/14/2025,95321.76,16.69,48,Active,41942
LN10919,C1378,B004,P03,2/27/2026,6111.97,14.74,180,Active,4095
LN10920,C1445,B001,P02,12/12/2025,48354.55,18.81,24,Active,33848
LN10921,C1256,B008,P04,5/21/2024,17639.91,8.26,84,Active,14288
LN10922,C1039,B006,P06,1/3/2025,7381.14,5.02,84,Active,6200
LN10923,C1206,B009,P02,10/27/2024,19213.08,11.16,72,Active,10567
LN10924,C1091,B002,P01,2/13/2026,30625.75,11.71,84,Active,25726
LN10925,C1165,B007,P04,3/5/2024,16990.24,12.29,60,Active,13252
LN10926,C1235,B003,P06,4/19/2024,65594.86,6.16,360,Closed,0
LN10927,C1497,B006,P06,2/18/2025,77747.89,7.83,36,Active,72306
LN10928,C1392,B003,P05,4/6/2025,10838.57,13.71,360,Active,4877
LN10929,C1254,B001,P01,6/27/2025,13507.69,5.22,180,Active,9185
LN10930,C1057,B005,P01,6/12/2024,37780.21,20.7,84,Closed,0
LN10931,C1180,B010,P06,7/16/2025,82837.47,13.75,240,Active,41419
LN10932,C1282,B002,P02,3/14/2024,97054.37,21.84,240,Active,44645
LN10933,C1382,B001,P02,1/30/2025,2770.57,12.27,24,Closed,0
LN10934,C1349,B010,P02,2/23/2024,30841.03,10.07,60,Paid Off,0
LN10935,C1176,B005,P03,4/6/2024,8381.95,21.52,60,Active,3437
LN10936,C1264,B002,P01,11/27/2025,53738.22,10.4,240,Active,20958
LN10937,C1012,B003,P01,4/1/2025,69091.54,20.62,12,Active,42146
LN10938,C1314,B002,P01,1/11/2026,79199.33,14.06,12,Active,30096
LN10939,C1480,B004,P05,5/5/2026,6392.04,12.54,24,Active,5625
LN10940,C1026,B002,P04,5/10/2025,61512.41,20.69,24,Active,28911
LN10941,C1026,B008,P03,10/21/2025,51855.67,6.41,12,Active,21261
LN10942,C1303,B006,P06,10/8/2024,83196.9,20.58,48,Closed,0
LN10943,C1438,B008,P04,3/27/2024,50936.35,4.54,240,Active,34637
LN10944,C1014,B006,P04,2/9/2026,34479.35,4.82,360,Closed,0
LN10945,C1311,B003,P03,3/5/2024,17009.81,6.29,180,Closed,0
LN10946,C1264,B007,P02,12/18/2025,92380.12,9.66,180,Closed,0
LN10947,C1218,B004,P03,11/9/2024,95050.85,16.86,24,Active,47525
LN10948,C1078,B003,P04,9/7/2025,6641.89,12.24,24,Active,4118
LN10949,C1087,B002,P05,1/11/2024,3879.63,15.68,72,Active,2289
LN10950,C1273,B007,P05,11/1/2024,60678.43,4.4,24,Active,30339
LN10951,C1272,B005,P05,9/2/2025,34933.59,7.32,12,Closed,0
LN10952,C1480,B004,P06,5/26/2026,42666.35,20.43,84,Active,32426
LN10953,C1021,B007,P06,5/10/2024,54845.57,6.84,60,Active,39489
LN10954,C1364,B002,P06,8/22/2025,88430.9,14.15,36,Active,53059
LN10955,C1183,B009,P04,6/28/2024,84157.38,4.76,24,Paid Off,0
LN10956,C1148,B009,P01,6/21/2024,29929.58,14.5,180,Active,15563
LN10957,C1477,B009,P01,12/17/2025,46599.3,19.76,12,Closed,0
LN10958,C1349,B007,P06,10/29/2024,65679.18,17.88,360,Active,41378
LN10959,C1438,B008,P03,5/5/2026,91858.86,17.84,72,Closed,0
LN10960,C1482,B001,P06,1/25/2024,73150.54,13.69,48,Closed,0
LN10961,C1060,B003,P03,7/16/2024,11675.69,13.69,72,Paid Off,0
LN10962,C1062,B007,P02,6/29/2025,85422.79,18.77,24,Active,74318
LN10963,C1148,B008,P03,2/16/2026,17676.17,4.31,120,Active,16439
LN10964,C1363,B005,P01,5/16/2026,5268.59,6.59,36,Active,3372
LN10965,C1313,B006,P02,2/11/2026,16315.37,12.1,24,Active,12563
LN10966,C1186,B009,P05,12/24/2024,20603.25,7.31,72,Active,12156
LN10967,C1369,B002,P01,8/20/2025,13203.86,9.47,84,Active,5150
LN10968,C1474,B007,P02,2/24/2025,2876.33,7.65,60,Active,2128
LN10969,C1414,B001,P03,10/7/2024,64417.13,6.36,60,Active,45092
LN10970,C1448,B006,P01,12/11/2024,78313.39,21.82,360,Active,71265
LN10971,C1427,B004,P04,8/27/2025,47338.93,12.49,72,Closed,0
LN10972,C1432,B005,P01,7/6/2025,84840.39,18.24,360,Closed,0
LN10973,C1023,B002,P03,7/20/2024,21486.96,7.34,180,Active,17404
LN10974,C1399,B006,P04,4/13/2026,74264.23,18.12,120,Active,69808
LN10975,C1084,B008,P03,4/5/2025,55614.48,5.02,72,Closed,0
LN10976,C1429,B005,P06,3/25/2024,94648.31,10.45,240,Closed,0
LN10977,C1088,B004,P06,6/11/2026,21704.17,14.11,12,Active,12154
LN10978,C1277,B006,P06,6/11/2024,42326.93,16.82,120,Active,33862
LN10979,C1331,B002,P06,6/9/2026,11016.54,11.58,84,Active,8373
LN10980,C1426,B004,P04,10/5/2024,73955.58,16.31,84,Closed,0
LN10981,C1337,B008,P03,2/19/2026,48269.15,21.9,12,Active,43925
LN10982,C1082,B004,P03,6/3/2025,21311.49,11.43,240,Paid Off,0
LN10983,C1469,B001,P02,3/5/2024,98910.5,14.81,120,Active,61325
LN10984,C1192,B004,P05,9/18/2025,60764.58,20.56,120,Paid Off,0
LN10985,C1175,B007,P02,10/6/2024,10496.09,16.7,180,Active,9551
LN10986,C1062,B006,P04,3/6/2025,31895.77,20.7,240,Active,27111
LN10987,C1179,B003,P05,5/31/2025,40143.7,14.39,84,Active,22079
LN10988,C1375,B006,P05,12/26/2025,78816.63,15.61,84,Active,46502
LN10989,C1351,B005,P02,4/14/2024,21293.11,15.27,72,Active,12563
LN10990,C1054,B001,P05,3/13/2025,41255.97,19.69,24,Active,16915
LN10991,C1048,B009,P06,10/25/2024,38507.64,15.78,240,Paid Off,0
LN10992,C1319,B002,P06,3/29/2026,59308.67,17.67,60,Paid Off,0
LN10993,C1053,B004,P05,10/24/2024,34815.51,10.68,60,Active,20889
LN10994,C1103,B006,P01,4/5/2024,86601.84,16.62,48,Active,58023
LN10995,C1215,B002,P01,4/2/2026,10769.35,21.56,180,Active,3985
LN10996,C1420,B009,P06,3/16/2026,9482.19,6.7,12,Active,6353
LN10997,C1219,B008,P06,10/15/2024,51162.1,4.28,180,Paid Off,0
LN10998,C1160,B003,P06,12/26/2024,35670.81,10.1,240,Closed,0
LN10999,C1212,B002,P06,8/29/2024,61359.3,13.12,36,Active,32520
LN11000,C1317,B010,P03,4/10/2026,88457.5,12.03,72,Active,41575
